-- phpMyAdmin SQL Dump
-- version 3.5.1
-- http://www.phpmyadmin.net
--
-- Client: localhost
-- Généré le: Lun 03 Mars 2014 à 15:24
-- Version du serveur: 5.5.24-log
-- Version de PHP: 5.4.3

SET SQL_MODE="NO_AUTO_VALUE_ON_ZERO";
SET time_zone = "+00:00";


/*!40101 SET @OLD_CHARACTER_SET_CLIENT=@@CHARACTER_SET_CLIENT */;
/*!40101 SET @OLD_CHARACTER_SET_RESULTS=@@CHARACTER_SET_RESULTS */;
/*!40101 SET @OLD_COLLATION_CONNECTION=@@COLLATION_CONNECTION */;
/*!40101 SET NAMES utf8 */;

--
-- Base de données: `fora`
--

-- --------------------------------------------------------

--
-- Structure de la table `comment`
--

CREATE TABLE IF NOT EXISTS `comment` (
  `id` varchar(255) COLLATE utf8_estonian_ci NOT NULL,
  `anonymous` tinyint(1) NOT NULL,
  `content` varchar(255) COLLATE utf8_estonian_ci DEFAULT NULL,
  `score` int(11) NOT NULL,
  `user_id` bigint(20) DEFAULT NULL,
  PRIMARY KEY (`id`),
  KEY `FK9BDE863F15721DD4` (`user_id`)
) ENGINE=InnoDB DEFAULT CHARSET=utf8 COLLATE=utf8_estonian_ci;

--
-- Contenu de la table `comment`
--

INSERT INTO `comment` (`id`, `anonymous`, `content`, `score`, `user_id`) VALUES
('00c01446-db4b-417b-af34-98b6c2d47025', 0, 'My comment says 151', 0, 15),
('017024c4-709f-4d6c-928b-23c2809a18d7', 0, 'My comment says 133', 0, 9),
('02f7ab0a-64bd-4fe9-9d6f-c092530d4a82', 0, 'My comment says 252', 0, 16),
('0332e505-1ebe-4768-91c2-4ac08c67bd35', 0, 'My comment says 112', 0, 15),
('03b6dec4-bd8b-4a42-ac3a-3e70482b0e5b', 0, 'My comment says 283', 0, 22),
('041114c0-4beb-4876-be3b-fb09c4c790f0', 0, 'My comment says 281', 0, 16),
('049e7c8d-cf18-4bd2-935a-d8680f787734', 0, 'My comment says 149', 0, 30),
('059b7c2e-2722-4ce5-93af-63156611ebba', 0, 'My comment says 158', 0, 27),
('05ece81b-f625-4e18-8eb8-a494ebce2ea4', 0, 'My comment says 259', 0, 26),
('089ca504-0863-4cb0-b7f9-3c1d7623a588', 0, 'My comment says 209', 0, 28),
('08ea8471-51dd-45a8-bca7-4127c9ff02c6', 0, 'My comment says 127', 0, 29),
('0a2ea5cd-347d-470a-89ac-76730a5d4ebb', 0, 'My comment says 233', 0, 9),
('0a79d6ca-1820-4bcb-af82-0eca2a6e84ff', 0, 'My comment says 287', 0, 26),
('0e6245d9-e89b-48e0-9411-99769ae8cddd', 0, 'My comment says 239', 0, 21),
('0fef35b6-15d7-441f-97a7-5381c4910990', 0, 'My comment says 167', 0, 19),
('10578ada-4064-4e53-8a2e-5bafa3066d9a', 0, 'My comment says 50', 0, 22),
('10d69cb6-af5e-4c82-9d1d-85cb062c2482', 0, 'My comment says 175', 0, 13),
('11c87160-cea6-451d-a4ed-a0ca70aa17c9', 0, 'My comment says 115', 0, 15),
('12f94d76-6622-4fdb-b905-ad825007909d', 0, 'My comment says 231', 0, 20),
('1371b35f-ded1-4680-a809-c422646e573e', 0, 'My comment says 192', 0, 17),
('138bf0d6-2110-4b86-a336-02f302cddf40', 0, 'My comment says 132', 0, 15),
('143405c6-0933-48a4-92a2-b24cc8f7a43a', 0, 'My comment says 180', 0, 15),
('15f52766-17c2-494a-8f94-d26a01229931', 0, 'My comment says 51', 0, 12),
('1707a9d8-9fce-4063-8a87-661d5dd70a6f', 0, 'My comment says 24', 0, 23),
('1753d438-e604-44f2-a030-823b391d3210', 0, 'My comment says 37', 0, 11),
('17bdc4b8-4a3a-4548-8db9-6c65d4b7eb91', 0, 'My comment says 131', 0, 30),
('183907e8-0aa7-4d3f-91d4-16728e511373', 0, 'My comment says 181', 0, 7),
('19d1e4b3-0982-41c0-a05b-a30c3b6a9ee5', 0, 'My comment says 5', 0, 13),
('1b238d22-9c6e-412b-b054-978daed35091', 0, 'My comment says 163', 0, 27),
('1b805c2d-4730-44b7-b9ed-c12a32f300c5', 0, 'My comment says 57', 0, 19),
('1c1b078c-4a70-403e-b315-250bb2425ad7', 0, 'My comment says 19', 0, 19),
('1da12a26-89b0-4512-839f-81fe933323f4', 0, 'My comment says 229', 0, 18),
('1e1fc999-87d7-4158-8750-32d64752d884', 0, 'My comment says 4', 0, 7),
('1e793d0f-6c09-4bff-9ca0-79287b1dae7b', 0, 'My comment says 214', 0, 11),
('1ebd05cb-c511-4d9a-85ff-e77dcfa8f420', 0, 'My comment says 220', 0, 22),
('1eca4708-2e44-41e8-b598-1743ac8baac5', 0, 'My comment says 166', 0, 16),
('1fc58782-03d5-4c51-a7fe-fb53e0d8913a', 0, 'My comment says 207', 0, 7),
('21879efa-7beb-47dc-900a-62b111e34408', 0, 'My comment says 161', 0, 27),
('226ed1c6-0966-4c64-b31e-1c03a4443c4c', 0, 'My comment says 271', 0, 29),
('22813a03-ceaf-4995-9dcb-0f48b1904a6b', 0, 'My comment says 137', 0, 16),
('22a4786d-8331-4824-a722-6d2d3b21f625', 0, 'My comment says 32', 0, 26),
('24be78de-b0cf-464e-aed7-31e12fdf988d', 0, 'My comment says 194', 0, 13),
('24d8baf4-74cf-4455-9346-34ed4921f00a', 0, 'My comment says 146', 0, 20),
('27e5b73c-d51c-49d0-860c-244af5473b66', 0, 'My comment says 138', 0, 24),
('2a2f524a-fab1-402f-b630-4ff02651eea6', 0, 'My comment says 135', 0, 13),
('2a6966a8-dd82-40fc-8b07-347834bfe877', 0, 'My comment says 136', 0, 12),
('2a69907b-6425-43d3-9d47-b8a8e8ef263a', 0, 'My comment says 210', 0, 17),
('2a6fecc0-6484-4e82-9b4e-ff826a5e06fa', 0, 'My comment says 286', 0, 16),
('2ae40258-1658-4db9-a201-b4e58ca413c1', 0, 'My comment says 85', 0, 8),
('2aed1583-b170-439f-8a2b-3752e94672c9', 0, 'My comment says 160', 0, 20),
('2c71110a-4bf5-4af1-9239-7684a0c3f9d9', 0, 'My comment says 71', 0, 27),
('2c79bc83-e577-471c-95e6-636a3684cf81', 0, 'My comment says 84', 0, 27),
('2de8991e-b2d0-49e2-b598-b71be5e129a2', 0, 'My comment says 265', 0, 29),
('2f08e72b-d583-4a89-a5e2-08ed77eab44d', 0, 'My comment says 101', 0, 11),
('2f365b2d-3acf-4e31-baad-a9458ad66190', 0, 'My comment says 76', 0, 29),
('2f974dc0-e1a3-4ee4-9c81-7107e45bcea2', 0, 'My comment says 255', 0, 15),
('2fe306ff-4b26-4d6f-85c9-20afbddab73b', 0, 'My comment says 30', 0, 24),
('314cbccf-a1a4-4387-8313-4621ae010a81', 0, 'My comment says 261', 0, 7),
('31e1a0eb-b4a2-4a37-b58d-1bf7675ebf36', 0, 'My comment says 128', 0, 29),
('32f272b9-9dc5-460b-b95b-d7fecb14e48d', 0, 'My comment says 200', 0, 20),
('33f7c49a-2f75-4f8e-a069-5a2779fb66ee', 0, 'My comment says 94', 0, 23),
('341fc261-3112-4bb1-87d3-458badfadd5b', 0, 'My comment says 67', 0, 11),
('342ad19f-a3bf-4d73-a1e9-d7dd6161e258', 0, 'My comment says 7', 0, 27),
('362cc4e7-a1c5-4273-ad6b-fec9f68b63c1', 0, 'My comment says 78', 0, 27),
('3640c862-fef0-4076-aab5-2e8731e22f90', 0, 'My comment says 228', 0, 28),
('36a04cfb-719b-458d-a40f-bc3c11bf7e08', 0, 'My comment says 103', 0, 25),
('377ab52c-fb6d-439b-abeb-8119ca2acbc4', 0, 'My comment says 282', 0, 9),
('37b36190-eff9-4971-b1c5-53e1e4df637a', 0, 'My comment says 49', 0, 12),
('38709bf6-7294-452c-b0fe-f447320ced38', 0, 'My comment says 98', 0, 9),
('3a7a3512-4cb1-42b2-8a80-c9bd15de84b7', 0, 'My comment says 1', 0, 24),
('3aa21295-98ca-494d-8c88-d62c21fce6ab', 0, 'My comment says 222', 0, 14),
('3b1b454f-c598-4e1d-80ce-989abb07fb09', 0, 'My comment says 201', 0, 13),
('3b5e7903-e28e-4758-9b57-2699379a49cd', 0, 'My comment says 9', 0, 11),
('3b839629-6551-43b3-99b7-e060e06daa50', 0, 'My comment says 155', 0, 12),
('3c05cac4-c570-4bdb-9820-f76f6c8ca678', 0, 'My comment says 219', 0, 9),
('3c4c268b-b669-419b-baad-726a61274452', 0, 'My comment says 14', 0, 26),
('3ceb2865-f624-43c1-9b19-b0638f632b60', 0, 'My comment says 197', 0, 24),
('3dd8bfe3-307c-4d5b-af12-8ff18ee07db9', 0, 'My comment says 62', 0, 13),
('3ee6b4c0-4d18-4fb7-8d81-33f590ef3bc2', 0, 'My comment says 40', 0, 13),
('3f8dd7d0-ddcb-450a-9c26-b55745071d83', 0, 'My comment says 172', 0, 25),
('40e8344d-83f9-46a8-87e1-cc2b74efbc0b', 0, 'My comment says 258', 0, 17),
('421c08b9-1e42-4d7d-a87e-5b85789178c9', 0, 'My comment says 104', 0, 16),
('42418689-f909-449b-a89c-2022f0a442b0', 0, 'My comment says 124', 0, 21),
('4256bed1-62a8-48f0-a08d-fa5ba75af6c4', 0, 'My comment says 95', 0, 26),
('4274da0f-42bf-43fb-b1e5-8b60c92ce36b', 0, 'My comment says 134', 0, 8),
('42d16cd1-647b-4772-b718-043345031749', 0, 'My comment says 139', 0, 18),
('42d41746-1d1e-4d5c-b864-30fe7a2f4ea2', 0, 'My comment says 156', 0, 24),
('43c3012b-4768-405a-b9f2-5afabd23da48', 0, 'My comment says 96', 0, 23),
('449e18cc-3cd7-471c-97c8-0284668993bf', 0, 'My comment says 113', 0, 11),
('45d852df-7d69-4e8f-bc66-4d26d30f7c35', 0, 'My comment says 191', 0, 25),
('486f342d-e916-4c93-91f6-aa4974234bc2', 0, 'My comment says 34', 0, 8),
('4982f6c7-0904-49ec-82c1-e0290df57af4', 0, 'My comment says 106', 0, 27),
('49c01b85-1a90-42db-9fce-f101938b943d', 0, 'My comment says 91', 0, 19),
('49c2508d-b0f8-4e68-a359-b606da1b09af', 0, 'My comment says 89', 0, 23),
('4a0e5587-b3d3-406c-b18b-72c4dc6fc70c', 0, 'My comment says 279', 0, 10),
('4be307b4-634f-42f7-a231-60068a9a647c', 0, 'My comment says 251', 0, 10),
('4d2e14b7-855d-45b9-a1bb-b329cff539ee', 0, 'My comment says 196', 0, 22),
('4d735c5b-e988-42d6-9219-280c826bdb60', 0, 'My comment says 253', 0, 30),
('4ddc1af4-1fca-4d4b-95e0-c5c854c823ad', 0, 'My comment says 102', 0, 29),
('5001d11b-f965-4bae-8308-2ef32a53bed6', 0, 'My comment says 31', 0, 17),
('50224aef-7c08-49d9-b6f3-bcea73ec064b', 0, 'My comment says 119', 0, 21),
('51cee297-416f-407e-b2b7-913620e53258', 0, 'My comment says 254', 0, 28),
('5339264d-3dc9-47a4-b8fb-324886697dcd', 0, 'My comment says 61', 0, 7),
('5357d853-f630-4fc0-8441-6c96510a2a9a', 0, 'HElllooo', 0, 1),
('549069cd-19aa-42cb-956f-7260748cb1f9', 0, 'My comment says 147', 0, 26),
('54faa4dc-366c-4851-9d91-d33c081badf6', 0, 'My comment says 280', 0, 24),
('55a98460-4552-472a-ac0e-d2fcc2644a46', 0, 'My comment says 8', 0, 22),
('5666e6f3-ba3b-4d34-a03b-ade5d74a6803', 0, 'My comment says 43', 0, 15),
('5948024b-ad44-4915-a675-2a45505aa481', 0, 'My comment says 122', 0, 8),
('5959f572-faf0-4f19-88c2-a1f2e0a03725', 0, 'My comment says 226', 0, 12),
('598ace7d-aeeb-4a22-b893-9b1ba5ec9166', 0, 'My comment says 11', 0, 15),
('5b28791a-6f26-48c7-baa2-57ddcaa4843b', 0, 'My comment says 82', 0, 20),
('5bb5ed44-8545-45a7-ab99-a9f03d9a1f18', 0, 'My comment says 130', 0, 9),
('5c539f58-584f-4799-85c8-a62d2fc83172', 0, 'My comment says 47', 0, 25),
('5e0e6d36-6afb-41b8-a5c6-8385cd75c134', 0, 'My comment says 125', 0, 12),
('5e2e5cb7-b65a-424e-b986-413959d06950', 0, 'My comment says 159', 0, 18),
('5fa5cb11-c3b0-4d8d-9803-ccfc082aecfc', 0, 'My comment says 237', 0, 14),
('60b4a1f3-ade4-4c2c-9ea4-4e9a8522bd3e', 0, 'My comment says 199', 0, 20),
('617f089c-4906-4211-a2e9-d04af1c85f05', 0, 'I''m not ok', 0, 3),
('61a5b9b4-9135-4bf2-9e81-0a1898bd7c3e', 0, 'My comment says 35', 0, 12),
('622597fd-3b35-4473-904d-d0ccd6d591c5', 0, 'My comment says 46', 0, 7),
('64694f4f-0568-45c3-add5-f429a5e920a8', 0, 'My comment says 284', 0, 14),
('65ff9520-3cf1-444a-82b9-3a325bec5826', 0, 'My comment says 246', 0, 29),
('67bf8a0c-d945-4a87-bd24-b776790c5087', 0, 'My comment says 111', 0, 18),
('68cb4ef0-b66e-487a-b20e-79cbbc95aea0', 0, 'My comment says 273', 0, 17),
('696bb264-1183-438a-bf3b-2193fd10de2e', 0, 'My comment says 59', 0, 10),
('69b394c7-89ff-43a7-ae6c-f8d0dfdf1eea', 0, 'My comment says 260', 0, 23),
('6a30e157-78a5-492e-8678-fc25369d2a51', 0, 'My comment says 198', 0, 29),
('6a479f32-6122-40e4-b511-3df2b97cf8a2', 0, 'My comment says 87', 0, 21),
('6c9746aa-184c-4279-9839-e3b589279a36', 0, 'My comment says 276', 0, 28),
('6d354fbf-0269-4c65-a6bc-7d3d1dad67a8', 0, 'My comment says 277', 0, 28),
('6f4097b5-cb96-498e-91dd-324e64dce9b0', 0, 'My comment says 114', 0, 11),
('6fb28440-2653-432d-ab92-86b13a2b86dc', 1, 'You don''t know enough about tires', 0, NULL),
('6ffe0cb1-6864-4e09-9ee3-fdc1fc256d9d', 0, 'My comment says 268', 0, 10),
('702dc5e5-b25e-4d7d-b209-ae6dc4bfedd4', 0, 'My comment says 165', 0, 19),
('70c105cc-d598-4e96-8f21-e318c115b4dd', 0, 'My comment says 225', 0, 17),
('7304ec4c-145d-452b-8bc2-d2ce69232708', 0, 'My comment says 45', 0, 20),
('774f8308-19fc-49c7-b19c-896773f709e9', 0, 'My comment says 77', 0, 9),
('785c30a7-f9fc-4e1f-8800-9f0aacfcbe6d', 0, 'My comment says 235', 0, 25),
('7971f3a2-e53d-4650-b02d-20d336d604d5', 0, 'My comment says 145', 0, 27),
('7a0036e1-2963-4b9a-bbbc-72849f9a03e2', 0, 'My comment says 86', 0, 15),
('7a448ecb-8af9-4c03-9e09-7b428c1b5e94', 0, 'My comment says 266', 0, 13),
('7b39b71f-5c00-4fb5-b2e5-ff7527a4dae0', 0, 'My comment says 241', 0, 30),
('7c5e0103-5536-478f-82b9-9c9432cf790d', 0, 'My comment says 92', 0, 7),
('7d543c79-4db5-4783-8746-2e65ca1635e3', 0, 'My comment says 274', 0, 28),
('7d907033-9930-451c-a25a-280f8c3f2c15', 0, 'My comment says 42', 0, 29),
('7db355b2-d3c3-49f9-bfaa-3bf89e763089', 0, 'My comment says 12', 0, 20),
('7f3c859f-4ac7-4341-99c1-6d1baa439d74', 0, 'My comment says 157', 0, 9),
('7f693c99-1f62-4a66-af5b-ff3d9c29c38d', 0, 'My comment says 68', 0, 25),
('80924047-f089-4ae3-875f-13a17aba44ec', 0, 'My comment says 243', 0, 21),
('8260a986-dd89-4264-b325-e252c7ff9455', 0, 'My comment says 25', 0, 21),
('8345fd55-424e-4e82-a62a-421c22f1d8d9', 0, 'HElllooo', 0, 1),
('848684fe-5e18-47bc-b448-aa9fc1250c49', 0, 'My comment says 285', 0, 13),
('84ed3eda-4bea-41cb-b4cc-64a804581ace', 0, 'My comment says 212', 0, 21),
('86032517-830c-4c45-912f-f0132ec7196c', 0, 'My comment says 29', 0, 16),
('885663e0-adfd-4a3e-90e1-5f8c36a0a1ee', 0, 'My comment says 213', 0, 21),
('886c9b1a-f5aa-43ea-9cb8-65ced1b49865', 0, 'My comment says 267', 0, 18),
('88d07027-c7be-4460-85ac-7faf88454f54', 0, 'My comment says 270', 0, 16),
('8961694e-3252-4818-a52a-b29f4967f55f', 0, 'My comment says 263', 0, 9),
('8a34d4d3-c3ff-48ff-96f6-35eef8538264', 1, 'What ? You stupid !', 0, NULL),
('8a7ce9f1-2eeb-46e1-942e-351a76e679eb', 0, 'My comment says 13', 0, 15),
('8aeab597-064c-4cdd-a5a5-2b3918b9d219', 0, 'My comment says 129', 0, 9),
('8b048c19-93b8-4a9a-846c-450be3db24c2', 0, 'My comment says 22', 0, 9),
('8d93c73b-7c9b-41e1-a4a3-7f376a02deea', 0, 'My comment says 264', 0, 10),
('8e9ad93c-ee18-4417-bf35-66d56c9078cb', 0, 'My comment says 205', 0, 17),
('8fafd670-6f37-46d5-b8df-8702f3b7dc41', 0, 'My comment says 33', 0, 13),
('910fdc56-9cf1-4947-b76b-77c26985a514', 0, 'My comment says 188', 0, 13),
('91ebc0f3-8b4c-4905-896d-117b59fd21a5', 0, 'My comment says 227', 0, 17),
('930b0ac1-10fe-4d7f-8763-a898c717d1b4', 0, 'My comment says 262', 0, 26),
('933ce22d-a38e-47dc-9d62-c5bfb8e9a6db', 0, 'My comment says 44', 0, 30),
('947e0adb-461d-465c-9319-5ea8a9eab2fa', 0, 'My comment says 238', 0, 28),
('97751fa9-42cd-491a-8cf4-b57994264829', 0, 'My comment says 18', 0, 19),
('97b73c22-1d38-4b51-ae07-ff2b41e3ce9a', 0, 'My comment says 63', 0, 8),
('9896185e-d4c8-464d-ad82-d3aa930b9a65', 0, 'My comment says 248', 0, 10),
('993cf83a-4532-48f2-a03a-6d25fff41671', 0, 'My comment says 247', 0, 14),
('99a4ca55-7a49-4023-a474-5b975dbaac0b', 0, 'My comment says 17', 0, 29),
('99c3ecc5-04d5-4653-85c9-eadfb4dd40f3', 0, 'My comment says 174', 0, 8),
('9b71fcf8-7bb1-4ff5-b710-e5c4d3f7c8e9', 0, 'My comment says 64', 0, 14),
('9c51520d-c1e1-4014-827e-3e1fe1ab10db', 0, 'My comment says 54', 0, 12),
('9c63a4ed-16b7-40df-9a9c-c1a41ad70bd8', 0, 'My comment says 195', 0, 7),
('9e30bd11-7369-4fe8-9333-6611d97fded2', 0, 'My comment says 168', 0, 16),
('9e62f688-8e7f-4902-aeab-69157ffdb9ed', 0, 'My comment says 26', 0, 28),
('9ec5cdee-6e5b-4996-b7ac-23f608aa09ac', 0, 'My comment says 88', 0, 19),
('a07f4eef-f2f3-4755-bcb9-794f0a9a9cfe', 0, 'My comment says 245', 0, 28),
('a0f79282-0b86-4ba9-b0a0-d6d7f906aaaa', 0, 'My comment says 60', 0, 9),
('a13e7983-0a6a-4728-b152-d87a4a2bec6a', 0, 'My comment says 16', 0, 19),
('a1956e19-7453-42f8-a5a7-9319e067d84f', 0, 'My comment says 186', 0, 23),
('a21ff783-b6ce-40ac-9216-3070b0082596', 0, 'My comment says 242', 0, 22),
('a3d2f766-6eec-42ad-abc7-103c9fe5749a', 0, 'My comment says 123', 0, 28),
('a43976e4-ce47-4c18-b7d7-3446f8c94c34', 0, 'My comment says 80', 0, 27),
('a61e4098-ed07-4f08-8f2e-0107755820c3', 0, 'My comment says 100', 0, 22),
('a7d8f62b-912f-44f1-a0b8-ac1f56eb24cb', 0, 'My comment says 250', 0, 26),
('a7db9565-3edb-48d3-9828-4a99e58e9d77', 0, 'My comment says 183', 0, 9),
('a7eda5d4-4920-4583-81d6-62d1d56ef5f5', 0, 'My comment says 190', 0, 10),
('a8a00609-b788-4ee8-a687-0ece2ba4db3f', 0, 'My comment says 173', 0, 23),
('ad7181a5-8f3e-48a2-910f-e9b3cbdd4771', 0, 'My comment says 216', 0, 25),
('ae270f5f-9884-4544-ac1f-80238bd33aae', 0, 'My comment says 90', 0, 27),
('ae9cdc64-7853-42c8-9c05-ada8f946c274', 0, 'My comment says 218', 0, 26),
('af08271c-00a6-46ee-b74a-2933659a1c8e', 0, 'My comment says 206', 0, 13),
('af31c1a0-840a-4950-9fa5-bfb7f29dc058', 0, 'My comment says 272', 0, 26),
('af92fcc3-7b29-4bb9-8e2a-e54aa26cdf7c', 0, 'My comment says 81', 0, 24),
('b0ab5e83-66b0-4b7a-832a-d8c26e371974', 0, 'My comment says 234', 0, 10),
('b119abbc-5ed0-44ac-b7c9-e6ba70dd6ae9', 0, 'My comment says 143', 0, 21),
('b3735515-1396-4bf6-b32e-589aa3cb23af', 0, 'My comment says 208', 0, 30),
('b3e24367-ee91-4afd-a375-281e1c1d5da2', 0, 'My comment says 73', 0, 22),
('b414203a-f869-44d4-a2a8-974f6388fc28', 0, 'My comment says 110', 0, 26),
('b5b7e929-cff3-4c87-a8d2-eebbba92776f', 0, 'My comment says 170', 0, 22),
('b9e44812-88f2-47da-9e4b-0764c981e129', 0, 'My comment says 66', 0, 17),
('ba3b1269-c859-474b-84a9-702552671ee0', 0, 'My comment says 221', 0, 29),
('bb6b4117-c40b-4509-a45d-0f2dc56544dc', 0, 'My comment says 2', 0, 22),
('bb9988e3-a8ca-4c2f-872a-5aff8f05280f', 0, 'My comment says 176', 0, 13),
('bd140782-92d7-42d2-b3f2-292c701c6973', 0, 'My comment says 193', 0, 8),
('bd999cc3-651d-48b9-ae34-afd5fe168aad', 0, 'My comment says 230', 0, 16),
('be31066a-24cd-4049-ba56-dc6b3989b4e7', 0, 'My comment says 116', 0, 13),
('be7e6b20-9c52-43f0-a8d1-ce8584763952', 0, 'My comment says 75', 0, 16),
('bebe114a-c992-4598-a228-59c4e3a8bd8b', 0, 'My comment says 107', 0, 14),
('befa9b6d-b97a-4461-98f5-7f65cf0e28d1', 0, 'My comment says 178', 0, 9),
('bf9f3f64-e50b-4396-8d18-e2160860c6b9', 0, 'My comment says 177', 0, 13),
('bfaa03d6-f28c-47ac-83e2-4bf69bd194a3', 0, 'My comment says 154', 0, 12),
('c1dfec83-ffa3-4641-a043-68206d9c2e1f', 0, 'My comment says 36', 0, 13),
('c28dc50a-d72d-4bfb-aa72-d0470a56f1d9', 0, 'My comment says 217', 0, 13),
('c2ebe133-39d6-4ff4-8fb8-1ce7df55f0f7', 0, 'My comment says 249', 0, 24),
('c306c7af-6f1d-469b-b261-86bcf70be126', 0, 'My comment says 169', 0, 7),
('c398b753-7e82-4ccf-aebd-d4fa3a1e66bf', 0, 'My comment says 97', 0, 22),
('c49c018a-7bfc-490c-bda9-07d858291d4d', 0, 'My comment says 41', 0, 20),
('c5462466-20c6-43e0-9307-92b89a6d96f1', 0, 'My comment says 105', 0, 28),
('c5fa62d8-c5b1-436c-87a6-eb2982400d3b', 0, 'My comment says 117', 0, 18),
('c6ac66e3-ed63-475a-965d-ab737de7283c', 0, 'My comment says 232', 0, 8),
('c78a7b85-0d66-4811-b2be-f241ef03cf9e', 0, 'My comment says 3', 0, 21),
('c80c8d23-432c-405f-9683-e217c1031b32', 0, 'My comment says 79', 0, 26),
('c8812e80-17be-41c1-90bd-c6bb33f8feda', 0, 'My comment says 65', 0, 21),
('caeafc83-b627-4fa6-b90f-f89528af3af4', 0, 'HElllooo', 0, 1),
('cb1a36f7-ea30-4e55-b28a-625b6107a030', 0, 'My comment says 120', 0, 23),
('cd57fe31-fda3-4038-b1b5-0b976c328f05', 0, 'My comment says 38', 0, 30),
('cdff8ee4-e2fa-48b3-8626-eda9bc85f56d', 0, 'My comment says 48', 0, 30),
('ce6a5160-9434-49d7-9a14-6fbc549f2ee3', 0, 'My comment says 142', 0, 9),
('ce93d297-cda9-4d40-b218-c072052d0aa7', 0, 'My comment says 141', 0, 12),
('cea55d36-b428-49d3-abba-46de2daf3e47', 0, 'My comment says 184', 0, 11),
('d02ef1c6-7dc1-4314-acfb-bb580831741e', 0, 'My comment says 179', 0, 18),
('d369e68b-cb7a-4874-98dd-3ba95ea680c2', 0, 'My comment says 109', 0, 17),
('d4b9b650-3dc7-41f1-a2e5-b2263f53a52c', 0, 'My comment says 164', 0, 22),
('d587a1cc-74ff-48e8-b594-231b97c1073f', 0, 'My comment says 39', 0, 26),
('d5fa29e0-57ac-46d6-bb21-81666226f6c6', 0, 'My comment says 52', 0, 11),
('d63370b6-f105-4431-83fd-2ee38289fff1', 0, 'My comment says 256', 0, 26),
('d65658bb-23eb-4f66-b74b-56b4e9ac4d98', 0, 'My comment says 69', 0, 17),
('d9177633-7eef-45c4-8047-dada840adac6', 0, 'My comment says 108', 0, 21),
('da6c405b-2a18-4d43-ae84-4b4065f07ef8', 0, 'My comment says 15', 0, 12),
('daa43d43-18a8-48ea-a165-c1d8015258bf', 0, 'My comment says 28', 0, 9),
('dbfa8da8-00df-4f54-8e41-b44158b9fd5b', 0, 'My comment says 140', 0, 12),
('dc2d33b4-911a-45d6-9d83-f258dc304b33', 0, 'My comment says 240', 0, 9),
('dc32c8ce-a488-485b-b7be-5becabeabca2', 0, 'My comment says 182', 0, 27),
('dc869a12-4e0c-4fe9-874a-9335e643b3f4', 0, 'My comment says 56', 0, 18),
('dca24b87-fdcf-4cfa-a73b-8a93358cf8b7', 0, 'My comment says 244', 0, 16),
('dcb2ca63-6d21-4a6d-b10c-8b40cbd4896a', 0, 'My comment says 70', 0, 29),
('dcbe2f7f-434c-4aaf-8504-80f5aae3cf09', 0, 'My comment says 83', 0, 11),
('dd2cd67b-535e-4bc9-8fd9-e5cd6bc8e7b3', 0, 'My comment says 187', 0, 24),
('de667753-0d8c-441f-8ecd-b3b1dc44bf2d', 0, 'My comment says 171', 0, 24),
('ded77749-6a36-4398-b241-153a1f95c254', 0, 'My comment says 211', 0, 18),
('e0db82d8-4c14-40ae-841f-3d5d622f8d45', 0, 'My comment says 203', 0, 23),
('e1384275-e208-429a-8672-00df56b08489', 0, 'My comment says 27', 0, 15),
('e2c6033e-42de-41ae-a5ba-a569b0a9c88b', 0, 'My comment says 275', 0, 11),
('e2da5ad8-498c-40cd-af35-7f64aebc9bd7', 0, 'My comment says 185', 0, 15),
('e349bea3-200d-401c-8704-cc6e22379016', 0, 'My comment says 236', 0, 20),
('e38ee42d-7b8e-478e-b030-365c7a0b579b', 0, 'My comment says 0', 0, 17),
('e3b9a3e7-e52a-4bb9-be34-2be3fea90cbc', 0, 'My comment says 118', 0, 24),
('e430615f-5310-4e07-ad7a-71acf4b9d7de', 0, 'My comment says 257', 0, 12),
('e4a7a298-241e-4c11-b76d-f166f9a29014', 0, 'My comment says 93', 0, 22),
('e5616822-d047-462b-aa1b-9eac999e616f', 0, 'My comment says 223', 0, 11),
('e674f7ad-8b13-4699-b82d-c91dae69b7ce', 0, 'My comment says 74', 0, 24),
('e867e0f4-c4eb-4a52-9a5a-3b0dd0757950', 0, 'My comment says 189', 0, 20),
('e8749df1-67f7-4b35-86b7-2af45679e5d5', 0, 'My comment says 20', 0, 27),
('e8b10101-7cfd-4687-a0a1-5456c29aa121', 0, 'My comment says 53', 0, 29),
('e9620300-1427-474c-b2bb-bc68747feb03', 0, 'My comment says 152', 0, 26),
('e9c761ed-1f5f-4d40-a9cf-0131842d61ee', 0, 'My comment says 21', 0, 17),
('eba17f30-91f7-4481-ae45-0107ba10b46e', 0, 'My comment says 150', 0, 23),
('ed58a4c6-a9c3-40a8-99b4-601658b075db', 0, 'My comment says 121', 0, 27),
('ee3bfe16-350e-4242-8163-a06e5a9e817e', 0, 'My comment says 153', 0, 15),
('ee93c7ff-6628-4978-a609-9245d75800f6', 0, 'My comment says 55', 0, 25),
('f01c6cb3-0b3b-4030-9239-2db2078b1ec9', 0, 'My comment says 23', 0, 24),
('f0eeff3f-b550-41e4-9d2c-3f8a1fd492f3', 0, 'My comment says 72', 0, 29),
('f29c1522-72f4-47df-a3ce-df6b6cc6ea5d', 0, 'My comment says 148', 0, 19),
('f4cf5d05-918a-4cd4-a0ff-24115c18ab2f', 0, 'My comment says 126', 0, 12),
('f5622f93-830e-4da6-bc47-838957bb3c6f', 0, 'My comment says 269', 0, 26),
('f70e1a35-b3c8-4c42-9e9c-a09240ecd9b0', 0, 'My comment says 202', 0, 16),
('f72d5e25-ebd5-40d7-a200-6fc8f42d3a8a', 0, 'My comment says 224', 0, 21),
('f7794174-f84f-4e2e-a289-bbde8ddfa040', 0, 'My comment says 6', 0, 10),
('f965ddc6-7d5a-419e-a3a1-17133adbee32', 0, 'My comment says 278', 0, 10),
('fb7baad4-96cf-4c1b-8548-70c07417534d', 0, 'My comment says 144', 0, 8),
('fc506327-6221-4f5c-953c-a091b75d860c', 0, 'My comment says 10', 0, 13),
('fc624545-611e-4194-92c4-0c521ae8a599', 0, 'My comment says 215', 0, 13),
('fcad3a97-2fcd-43c0-9b59-c66cf86a741e', 0, 'My comment says 58', 0, 8),
('fcb473b9-eda8-4fe7-af94-4630370d7cda', 0, 'My comment says 99', 0, 8),
('fccf276e-461f-40ba-a6a3-8e47203c3de7', 0, 'My comment says 162', 0, 21),
('fe96f51e-a4d0-424f-8fc3-bfc0c3f5c562', 0, 'My comment says 204', 0, 25);

-- --------------------------------------------------------

--
-- Structure de la table `comment_flag`
--

CREATE TABLE IF NOT EXISTS `comment_flag` (
  `Comment_id` varchar(255) COLLATE utf8_estonian_ci NOT NULL,
  `flags_id` bigint(20) NOT NULL,
  UNIQUE KEY `flags_id` (`flags_id`),
  KEY `FK3922B58CAF246320` (`Comment_id`),
  KEY `FK3922B58C7E706539` (`flags_id`)
) ENGINE=InnoDB DEFAULT CHARSET=utf8 COLLATE=utf8_estonian_ci;

-- --------------------------------------------------------

--
-- Structure de la table `flag`
--

CREATE TABLE IF NOT EXISTS `flag` (
  `id` bigint(20) NOT NULL,
  `content` varchar(255) COLLATE utf8_estonian_ci DEFAULT NULL,
  PRIMARY KEY (`id`)
) ENGINE=InnoDB DEFAULT CHARSET=utf8 COLLATE=utf8_estonian_ci;

--
-- Contenu de la table `flag`
--

INSERT INTO `flag` (`id`, `content`) VALUES
(4, 'This guy went too far.'),
(103, 'This is a flag for '),
(104, 'This is a flag for '),
(105, 'This is a flag for '),
(106, 'This is a flag for '),
(107, 'This is a flag for '),
(108, 'This is a flag for '),
(109, 'This is a flag for '),
(110, 'This is a flag for '),
(111, 'This is a flag for '),
(112, 'This is a flag for '),
(113, 'This is a flag for '),
(114, 'This is a flag for '),
(115, 'This is a flag for '),
(116, 'This is a flag for '),
(117, 'This is a flag for '),
(118, 'This is a flag for '),
(119, 'This is a flag for '),
(120, 'This is a flag for '),
(121, 'This is a flag for '),
(122, 'This is a flag for '),
(123, 'This is a flag for '),
(124, 'This is a flag for '),
(125, 'This is a flag for '),
(126, 'This is a flag for ');

-- --------------------------------------------------------

--
-- Structure de la table `hibernate_sequence`
--

CREATE TABLE IF NOT EXISTS `hibernate_sequence` (
  `next_val` bigint(20) DEFAULT NULL
) ENGINE=InnoDB DEFAULT CHARSET=utf8 COLLATE=utf8_estonian_ci;

--
-- Contenu de la table `hibernate_sequence`
--

INSERT INTO `hibernate_sequence` (`next_val`) VALUES
(127);

-- --------------------------------------------------------

--
-- Structure de la table `topic`
--

CREATE TABLE IF NOT EXISTS `topic` (
  `id` bigint(20) NOT NULL,
  `content` varchar(255) COLLATE utf8_estonian_ci DEFAULT NULL,
  `title` varchar(255) COLLATE utf8_estonian_ci DEFAULT NULL,
  `user_id` bigint(20) DEFAULT NULL,
  PRIMARY KEY (`id`),
  KEY `FKF3E2ED0C15721DD4` (`user_id`)
) ENGINE=InnoDB DEFAULT CHARSET=utf8 COLLATE=utf8_estonian_ci;

--
-- Contenu de la table `topic`
--

INSERT INTO `topic` (`id`, `content`, `title`, `user_id`) VALUES
(5, '*Pirelli* is better than Michelin', 'Pirelli or Michelin ?', 1),
(6, 'But I''m so <strong>tired</strong> <script type=''text/javascript''>alert(''you''re fired!'')</script>', 'Kids ar'' cool', NULL),
(31, 'Some content 0', 'Title 0', 16),
(32, 'Some content 1', 'Title 1', 15),
(33, 'Some content 2', 'Title 2', 9),
(34, 'Some content 3', 'Title 3', 25),
(35, 'Some content 4', 'Title 4', 27),
(36, 'Some content 5', 'Title 5', 17),
(37, 'Some content 6', 'Title 6', 15),
(38, 'Some content 7', 'Title 7', 14),
(39, 'Some content 8', 'Title 8', 29),
(40, 'Some content 9', 'Title 9', 16),
(41, 'Some content 10', 'Title 10', 28),
(42, 'Some content 11', 'Title 11', 26),
(43, 'Some content 12', 'Title 12', 24),
(44, 'Some content 13', 'Title 13', 19),
(45, 'Some content 14', 'Title 14', 29),
(46, 'Some content 15', 'Title 15', 28),
(47, 'Some content 16', 'Title 16', 21),
(48, 'Some content 17', 'Title 17', 23),
(49, 'Some content 18', 'Title 18', 24),
(50, 'Some content 19', 'Title 19', 16),
(51, 'Some content 20', 'Title 20', 22),
(52, 'Some content 21', 'Title 21', 19),
(53, 'Some content 22', 'Title 22', 7),
(54, 'Some content 23', 'Title 23', 20),
(55, 'Some content 24', 'Title 24', 10),
(56, 'Some content 25', 'Title 25', 29),
(57, 'Some content 26', 'Title 26', 15),
(58, 'Some content 27', 'Title 27', 24),
(59, 'Some content 28', 'Title 28', 27),
(60, 'Some content 29', 'Title 29', 22),
(61, 'Some content 30', 'Title 30', 18),
(62, 'Some content 31', 'Title 31', 29),
(63, 'Some content 32', 'Title 32', 13),
(64, 'Some content 33', 'Title 33', 29),
(65, 'Some content 34', 'Title 34', 17),
(66, 'Some content 35', 'Title 35', 14),
(67, 'Some content 36', 'Title 36', 15),
(68, 'Some content 37', 'Title 37', 19),
(69, 'Some content 38', 'Title 38', 28),
(70, 'Some content 39', 'Title 39', 18),
(71, 'Some content 40', 'Title 40', 27),
(72, 'Some content 41', 'Title 41', 13),
(73, 'Some content 42', 'Title 42', 18),
(74, 'Some content 43', 'Title 43', 21),
(75, 'Some content 44', 'Title 44', 11),
(76, 'Some content 45', 'Title 45', 18),
(77, 'Some content 46', 'Title 46', 8),
(78, 'Some content 47', 'Title 47', 29),
(79, 'Some content 48', 'Title 48', 24),
(80, 'Some content 49', 'Title 49', 14),
(81, 'Some content 50', 'Title 50', 12),
(82, 'Some content 51', 'Title 51', 26),
(83, 'Some content 52', 'Title 52', 30),
(84, 'Some content 53', 'Title 53', 17),
(85, 'Some content 54', 'Title 54', 7),
(86, 'Some content 55', 'Title 55', 12),
(87, 'Some content 56', 'Title 56', 13),
(88, 'Some content 57', 'Title 57', 20),
(89, 'Some content 58', 'Title 58', 15),
(90, 'Some content 59', 'Title 59', 26),
(91, 'Some content 60', 'Title 60', 15),
(92, 'Some content 61', 'Title 61', 22),
(93, 'Some content 62', 'Title 62', 26),
(94, 'Some content 63', 'Title 63', 18),
(95, 'Some content 64', 'Title 64', 9),
(96, 'Some content 65', 'Title 65', 30),
(97, 'Some content 66', 'Title 66', 25),
(98, 'Some content 67', 'Title 67', 21),
(99, 'Some content 68', 'Title 68', 12),
(100, 'Some content 69', 'Title 69', 12),
(101, 'Some content 70', 'Title 70', 15),
(102, 'Some content 71', 'Title 71', 10);

-- --------------------------------------------------------

--
-- Structure de la table `topic_comment`
--

CREATE TABLE IF NOT EXISTS `topic_comment` (
  `Subject_id` bigint(20) NOT NULL,
  `comments_id` varchar(255) COLLATE utf8_estonian_ci NOT NULL,
  UNIQUE KEY `comments_id` (`comments_id`),
  KEY `FK68494E0CAF5FD400` (`Subject_id`),
  KEY `FK68494E0CF6FBCF6B` (`comments_id`)
) ENGINE=InnoDB DEFAULT CHARSET=utf8 COLLATE=utf8_estonian_ci;

--
-- Contenu de la table `topic_comment`
--

INSERT INTO `topic_comment` (`Subject_id`, `comments_id`) VALUES
(5, '617f089c-4906-4211-a2e9-d04af1c85f05'),
(5, '6fb28440-2653-432d-ab92-86b13a2b86dc'),
(5, '8a34d4d3-c3ff-48ff-96f6-35eef8538264'),
(31, '549069cd-19aa-42cb-956f-7260748cb1f9'),
(32, '3ceb2865-f624-43c1-9b19-b0638f632b60'),
(32, '5357d853-f630-4fc0-8441-6c96510a2a9a'),
(32, '598ace7d-aeeb-4a22-b893-9b1ba5ec9166'),
(33, '2fe306ff-4b26-4d6f-85c9-20afbddab73b'),
(33, '9e30bd11-7369-4fe8-9333-6611d97fded2'),
(33, 'dd2cd67b-535e-4bc9-8fd9-e5cd6bc8e7b3'),
(34, '1b238d22-9c6e-412b-b054-978daed35091'),
(34, '31e1a0eb-b4a2-4a37-b58d-1bf7675ebf36'),
(34, 'c1dfec83-ffa3-4641-a043-68206d9c2e1f'),
(34, 'da6c405b-2a18-4d43-ae84-4b4065f07ef8'),
(35, '1eca4708-2e44-41e8-b598-1743ac8baac5'),
(35, '1fc58782-03d5-4c51-a7fe-fb53e0d8913a'),
(35, '24d8baf4-74cf-4455-9346-34ed4921f00a'),
(35, '5c539f58-584f-4799-85c8-a62d2fc83172'),
(35, 'a3d2f766-6eec-42ad-abc7-103c9fe5749a'),
(35, 'bb6b4117-c40b-4509-a45d-0f2dc56544dc'),
(35, 'f72d5e25-ebd5-40d7-a200-6fc8f42d3a8a'),
(36, '08ea8471-51dd-45a8-bca7-4127c9ff02c6'),
(36, '42d41746-1d1e-4d5c-b864-30fe7a2f4ea2'),
(36, '7c5e0103-5536-478f-82b9-9c9432cf790d'),
(36, '99a4ca55-7a49-4023-a474-5b975dbaac0b'),
(36, 'eba17f30-91f7-4481-ae45-0107ba10b46e'),
(36, 'f4cf5d05-918a-4cd4-a0ff-24115c18ab2f'),
(37, '0e6245d9-e89b-48e0-9411-99769ae8cddd'),
(37, '1da12a26-89b0-4512-839f-81fe933323f4'),
(37, '2a6fecc0-6484-4e82-9b4e-ff826a5e06fa'),
(37, '61a5b9b4-9135-4bf2-9e81-0a1898bd7c3e'),
(37, 'e5616822-d047-462b-aa1b-9eac999e616f'),
(38, '314cbccf-a1a4-4387-8313-4621ae010a81'),
(38, '7b39b71f-5c00-4fb5-b2e5-ff7527a4dae0'),
(38, '97751fa9-42cd-491a-8cf4-b57994264829'),
(38, 'e2c6033e-42de-41ae-a5ba-a569b0a9c88b'),
(39, '22813a03-ceaf-4995-9dcb-0f48b1904a6b'),
(39, '6f4097b5-cb96-498e-91dd-324e64dce9b0'),
(39, 'a21ff783-b6ce-40ac-9216-3070b0082596'),
(39, 'c49c018a-7bfc-490c-bda9-07d858291d4d'),
(40, '0332e505-1ebe-4768-91c2-4ac08c67bd35'),
(40, '67bf8a0c-d945-4a87-bd24-b776790c5087'),
(40, '933ce22d-a38e-47dc-9d62-c5bfb8e9a6db'),
(40, 'd65658bb-23eb-4f66-b74b-56b4e9ac4d98'),
(40, 'fccf276e-461f-40ba-a6a3-8e47203c3de7'),
(41, '2f08e72b-d583-4a89-a5e2-08ed77eab44d'),
(41, '69b394c7-89ff-43a7-ae6c-f8d0dfdf1eea'),
(41, 'f0eeff3f-b550-41e4-9d2c-3f8a1fd492f3'),
(42, '3640c862-fef0-4076-aab5-2e8731e22f90'),
(42, '45d852df-7d69-4e8f-bc66-4d26d30f7c35'),
(42, '8aeab597-064c-4cdd-a5a5-2b3918b9d219'),
(42, 'a1956e19-7453-42f8-a5a7-9319e067d84f'),
(42, 'e4a7a298-241e-4c11-b76d-f166f9a29014'),
(43, '12f94d76-6622-4fdb-b905-ad825007909d'),
(43, '5339264d-3dc9-47a4-b8fb-324886697dcd'),
(43, 'de667753-0d8c-441f-8ecd-b3b1dc44bf2d'),
(44, '089ca504-0863-4cb0-b7f9-3c1d7623a588'),
(44, '3b839629-6551-43b3-99b7-e060e06daa50'),
(44, '7a448ecb-8af9-4c03-9e09-7b428c1b5e94'),
(44, '8b048c19-93b8-4a9a-846c-450be3db24c2'),
(44, 'b3e24367-ee91-4afd-a375-281e1c1d5da2'),
(44, 'b414203a-f869-44d4-a2a8-974f6388fc28'),
(44, 'befa9b6d-b97a-4461-98f5-7f65cf0e28d1'),
(44, 'e349bea3-200d-401c-8704-cc6e22379016'),
(45, '37b36190-eff9-4971-b1c5-53e1e4df637a'),
(45, '51cee297-416f-407e-b2b7-913620e53258'),
(46, '421c08b9-1e42-4d7d-a87e-5b85789178c9'),
(46, 'a7eda5d4-4920-4583-81d6-62d1d56ef5f5'),
(46, 'af31c1a0-840a-4950-9fa5-bfb7f29dc058'),
(47, '049e7c8d-cf18-4bd2-935a-d8680f787734'),
(47, '3c05cac4-c570-4bdb-9820-f76f6c8ca678'),
(47, '40e8344d-83f9-46a8-87e1-cc2b74efbc0b'),
(47, '5fa5cb11-c3b0-4d8d-9803-ccfc082aecfc'),
(47, '7a0036e1-2963-4b9a-bbbc-72849f9a03e2'),
(48, '84ed3eda-4bea-41cb-b4cc-64a804581ace'),
(48, 'ce93d297-cda9-4d40-b218-c072052d0aa7'),
(49, '341fc261-3112-4bb1-87d3-458badfadd5b'),
(49, '4a0e5587-b3d3-406c-b18b-72c4dc6fc70c'),
(49, 'a7d8f62b-912f-44f1-a0b8-ac1f56eb24cb'),
(49, 'a7db9565-3edb-48d3-9828-4a99e58e9d77'),
(49, 'fc624545-611e-4194-92c4-0c521ae8a599'),
(50, '1ebd05cb-c511-4d9a-85ff-e77dcfa8f420'),
(50, '24be78de-b0cf-464e-aed7-31e12fdf988d'),
(50, '4274da0f-42bf-43fb-b1e5-8b60c92ce36b'),
(50, '50224aef-7c08-49d9-b6f3-bcea73ec064b'),
(50, '8a7ce9f1-2eeb-46e1-942e-351a76e679eb'),
(51, '38709bf6-7294-452c-b0fe-f447320ced38'),
(51, '3b5e7903-e28e-4758-9b57-2699379a49cd'),
(51, '64694f4f-0568-45c3-add5-f429a5e920a8'),
(51, '97b73c22-1d38-4b51-ae07-ff2b41e3ce9a'),
(51, '9c51520d-c1e1-4014-827e-3e1fe1ab10db'),
(51, 'dca24b87-fdcf-4cfa-a73b-8a93358cf8b7'),
(52, '22a4786d-8331-4824-a722-6d2d3b21f625'),
(52, '3aa21295-98ca-494d-8c88-d62c21fce6ab'),
(52, '7971f3a2-e53d-4650-b02d-20d336d604d5'),
(52, '9e62f688-8e7f-4902-aeab-69157ffdb9ed'),
(52, 'dc32c8ce-a488-485b-b7be-5becabeabca2'),
(53, 'ee3bfe16-350e-4242-8163-a06e5a9e817e'),
(53, 'f965ddc6-7d5a-419e-a3a1-17133adbee32'),
(55, '0a2ea5cd-347d-470a-89ac-76730a5d4ebb'),
(55, '2a6966a8-dd82-40fc-8b07-347834bfe877'),
(55, 'e430615f-5310-4e07-ad7a-71acf4b9d7de'),
(56, '2de8991e-b2d0-49e2-b598-b71be5e129a2'),
(56, '4256bed1-62a8-48f0-a08d-fa5ba75af6c4'),
(56, '6c9746aa-184c-4279-9839-e3b589279a36'),
(56, 'a07f4eef-f2f3-4755-bcb9-794f0a9a9cfe'),
(56, 'bf9f3f64-e50b-4396-8d18-e2160860c6b9'),
(57, '143405c6-0933-48a4-92a2-b24cc8f7a43a'),
(57, '54faa4dc-366c-4851-9d91-d33c081badf6'),
(57, '622597fd-3b35-4473-904d-d0ccd6d591c5'),
(57, 'c8812e80-17be-41c1-90bd-c6bb33f8feda'),
(58, '55a98460-4552-472a-ac0e-d2fcc2644a46'),
(58, '6a30e157-78a5-492e-8678-fc25369d2a51'),
(58, '70c105cc-d598-4e96-8f21-e318c115b4dd'),
(58, 'd4b9b650-3dc7-41f1-a2e5-b2263f53a52c'),
(59, '486f342d-e916-4c93-91f6-aa4974234bc2'),
(59, 'a43976e4-ce47-4c18-b7d7-3446f8c94c34'),
(59, 'ded77749-6a36-4398-b241-153a1f95c254'),
(59, 'fe96f51e-a4d0-424f-8fc3-bfc0c3f5c562'),
(60, '3c4c268b-b669-419b-baad-726a61274452'),
(60, 'e867e0f4-c4eb-4a52-9a5a-3b0dd0757950'),
(61, '226ed1c6-0966-4c64-b31e-1c03a4443c4c'),
(61, '2c79bc83-e577-471c-95e6-636a3684cf81'),
(61, '43c3012b-4768-405a-b9f2-5afabd23da48'),
(61, 'd369e68b-cb7a-4874-98dd-3ba95ea680c2'),
(62, '377ab52c-fb6d-439b-abeb-8119ca2acbc4'),
(62, '5bb5ed44-8545-45a7-ab99-a9f03d9a1f18'),
(62, 'cea55d36-b428-49d3-abba-46de2daf3e47'),
(63, '60b4a1f3-ade4-4c2c-9ea4-4e9a8522bd3e'),
(63, '8fafd670-6f37-46d5-b8df-8702f3b7dc41'),
(63, 'b5b7e929-cff3-4c87-a8d2-eebbba92776f'),
(63, 'bb9988e3-a8ca-4c2f-872a-5aff8f05280f'),
(63, 'dbfa8da8-00df-4f54-8e41-b44158b9fd5b'),
(64, '2f974dc0-e1a3-4ee4-9c81-7107e45bcea2'),
(64, '33f7c49a-2f75-4f8e-a069-5a2779fb66ee'),
(64, '4ddc1af4-1fca-4d4b-95e0-c5c854c823ad'),
(64, '886c9b1a-f5aa-43ea-9cb8-65ced1b49865'),
(64, 'e1384275-e208-429a-8672-00df56b08489'),
(64, 'e8749df1-67f7-4b35-86b7-2af45679e5d5'),
(65, '0a79d6ca-1820-4bcb-af82-0eca2a6e84ff'),
(65, '362cc4e7-a1c5-4273-ad6b-fec9f68b63c1'),
(65, '5b28791a-6f26-48c7-baa2-57ddcaa4843b'),
(65, '7db355b2-d3c3-49f9-bfaa-3bf89e763089'),
(65, '9896185e-d4c8-464d-ad82-d3aa930b9a65'),
(65, 'ba3b1269-c859-474b-84a9-702552671ee0'),
(65, 'bfaa03d6-f28c-47ac-83e2-4bf69bd194a3'),
(65, 'cdff8ee4-e2fa-48b3-8626-eda9bc85f56d'),
(65, 'ee93c7ff-6628-4978-a609-9245d75800f6'),
(66, '03b6dec4-bd8b-4a42-ac3a-3e70482b0e5b'),
(66, '7304ec4c-145d-452b-8bc2-d2ce69232708'),
(66, '8e9ad93c-ee18-4417-bf35-66d56c9078cb'),
(67, '15f52766-17c2-494a-8f94-d26a01229931'),
(67, '1753d438-e604-44f2-a030-823b391d3210'),
(67, '183907e8-0aa7-4d3f-91d4-16728e511373'),
(67, 'af08271c-00a6-46ee-b74a-2933659a1c8e'),
(69, '993cf83a-4532-48f2-a03a-6d25fff41671'),
(69, 'e2da5ad8-498c-40cd-af35-7f64aebc9bd7'),
(70, '3dd8bfe3-307c-4d5b-af12-8ff18ee07db9'),
(70, 'be31066a-24cd-4049-ba56-dc6b3989b4e7'),
(70, 'c6ac66e3-ed63-475a-965d-ab737de7283c'),
(71, '1b805c2d-4730-44b7-b9ed-c12a32f300c5'),
(71, '3a7a3512-4cb1-42b2-8a80-c9bd15de84b7'),
(71, '4d2e14b7-855d-45b9-a1bb-b329cff539ee'),
(71, '4d735c5b-e988-42d6-9219-280c826bdb60'),
(71, '5001d11b-f965-4bae-8308-2ef32a53bed6'),
(71, '5e2e5cb7-b65a-424e-b986-413959d06950'),
(71, '7d543c79-4db5-4783-8746-2e65ca1635e3'),
(71, '910fdc56-9cf1-4947-b76b-77c26985a514'),
(71, 'e38ee42d-7b8e-478e-b030-365c7a0b579b'),
(72, '02f7ab0a-64bd-4fe9-9d6f-c092530d4a82'),
(72, '2a2f524a-fab1-402f-b630-4ff02651eea6'),
(72, '65ff9520-3cf1-444a-82b9-3a325bec5826'),
(72, '6a479f32-6122-40e4-b511-3df2b97cf8a2'),
(72, '80924047-f089-4ae3-875f-13a17aba44ec'),
(72, 'a13e7983-0a6a-4728-b152-d87a4a2bec6a'),
(72, 'c306c7af-6f1d-469b-b261-86bcf70be126'),
(72, 'dcbe2f7f-434c-4aaf-8504-80f5aae3cf09'),
(72, 'e0db82d8-4c14-40ae-841f-3d5d622f8d45'),
(73, '3ee6b4c0-4d18-4fb7-8d81-33f590ef3bc2'),
(73, '5e0e6d36-6afb-41b8-a5c6-8385cd75c134'),
(73, '91ebc0f3-8b4c-4905-896d-117b59fd21a5'),
(73, 'ed58a4c6-a9c3-40a8-99b4-601658b075db'),
(73, 'fc506327-6221-4f5c-953c-a091b75d860c'),
(74, '774f8308-19fc-49c7-b19c-896773f709e9'),
(74, 'ae270f5f-9884-4544-ac1f-80238bd33aae'),
(74, 'af92fcc3-7b29-4bb9-8e2a-e54aa26cdf7c'),
(74, 'b9e44812-88f2-47da-9e4b-0764c981e129'),
(75, 'b119abbc-5ed0-44ac-b7c9-e6ba70dd6ae9'),
(75, 'bebe114a-c992-4598-a228-59c4e3a8bd8b'),
(75, 'fb7baad4-96cf-4c1b-8548-70c07417534d'),
(77, '17bdc4b8-4a3a-4548-8db9-6c65d4b7eb91'),
(77, '1c1b078c-4a70-403e-b315-250bb2425ad7'),
(77, '7f693c99-1f62-4a66-af5b-ff3d9c29c38d'),
(77, '86032517-830c-4c45-912f-f0132ec7196c'),
(77, '9c63a4ed-16b7-40df-9a9c-c1a41ad70bd8'),
(77, 'f01c6cb3-0b3b-4030-9239-2db2078b1ec9'),
(78, '017024c4-709f-4d6c-928b-23c2809a18d7'),
(78, '1e1fc999-87d7-4158-8750-32d64752d884'),
(78, '42418689-f909-449b-a89c-2022f0a442b0'),
(78, '88d07027-c7be-4460-85ac-7faf88454f54'),
(78, 'a8a00609-b788-4ee8-a687-0ece2ba4db3f'),
(78, 'be7e6b20-9c52-43f0-a8d1-ce8584763952'),
(78, 'daa43d43-18a8-48ea-a165-c1d8015258bf'),
(78, 'fcb473b9-eda8-4fe7-af94-4630370d7cda'),
(79, 'ad7181a5-8f3e-48a2-910f-e9b3cbdd4771'),
(79, 'd63370b6-f105-4431-83fd-2ee38289fff1'),
(79, 'dc869a12-4e0c-4fe9-874a-9335e643b3f4'),
(80, '19d1e4b3-0982-41c0-a05b-a30c3b6a9ee5'),
(80, '5666e6f3-ba3b-4d34-a03b-ade5d74a6803'),
(80, 'cd57fe31-fda3-4038-b1b5-0b976c328f05'),
(82, 'e3b9a3e7-e52a-4bb9-be34-2be3fea90cbc'),
(83, '2a69907b-6425-43d3-9d47-b8a8e8ef263a'),
(83, '32f272b9-9dc5-460b-b95b-d7fecb14e48d'),
(83, '68cb4ef0-b66e-487a-b20e-79cbbc95aea0'),
(83, 'b0ab5e83-66b0-4b7a-832a-d8c26e371974'),
(83, 'c5462466-20c6-43e0-9307-92b89a6d96f1'),
(84, '2ae40258-1658-4db9-a201-b4e58ca413c1'),
(84, '8260a986-dd89-4264-b325-e252c7ff9455'),
(84, '8961694e-3252-4818-a52a-b29f4967f55f'),
(84, '9b71fcf8-7bb1-4ff5-b710-e5c4d3f7c8e9'),
(84, 'a0f79282-0b86-4ba9-b0a0-d6d7f906aaaa'),
(85, '138bf0d6-2110-4b86-a336-02f302cddf40'),
(85, '696bb264-1183-438a-bf3b-2193fd10de2e'),
(85, 'c80c8d23-432c-405f-9683-e217c1031b32'),
(85, 'ce6a5160-9434-49d7-9a14-6fbc549f2ee3'),
(86, '6d354fbf-0269-4c65-a6bc-7d3d1dad67a8'),
(86, 'e674f7ad-8b13-4699-b82d-c91dae69b7ce'),
(87, '49c01b85-1a90-42db-9fce-f101938b943d'),
(87, '5959f572-faf0-4f19-88c2-a1f2e0a03725'),
(87, '9ec5cdee-6e5b-4996-b7ac-23f608aa09ac'),
(87, 'd9177633-7eef-45c4-8047-dada840adac6'),
(87, 'dcb2ca63-6d21-4a6d-b10c-8b40cbd4896a'),
(88, '6ffe0cb1-6864-4e09-9ee3-fdc1fc256d9d'),
(88, 'cb1a36f7-ea30-4e55-b28a-625b6107a030'),
(88, 'f5622f93-830e-4da6-bc47-838957bb3c6f'),
(89, '2c71110a-4bf5-4af1-9239-7684a0c3f9d9'),
(89, '342ad19f-a3bf-4d73-a1e9-d7dd6161e258'),
(89, '42d16cd1-647b-4772-b718-043345031749'),
(89, '848684fe-5e18-47bc-b448-aa9fc1250c49'),
(89, '8d93c73b-7c9b-41e1-a4a3-7f376a02deea'),
(89, 'bd999cc3-651d-48b9-ae34-afd5fe168aad'),
(89, 'd587a1cc-74ff-48e8-b594-231b97c1073f'),
(90, '4982f6c7-0904-49ec-82c1-e0290df57af4'),
(90, '5948024b-ad44-4915-a675-2a45505aa481'),
(90, 'c28dc50a-d72d-4bfb-aa72-d0470a56f1d9'),
(90, 'dc2d33b4-911a-45d6-9d83-f258dc304b33'),
(91, '041114c0-4beb-4876-be3b-fb09c4c790f0'),
(91, '05ece81b-f625-4e18-8eb8-a494ebce2ea4'),
(91, '27e5b73c-d51c-49d0-860c-244af5473b66'),
(91, 'c78a7b85-0d66-4811-b2be-f241ef03cf9e'),
(92, '059b7c2e-2722-4ce5-93af-63156611ebba'),
(92, '1371b35f-ded1-4680-a809-c422646e573e'),
(93, '10d69cb6-af5e-4c82-9d1d-85cb062c2482'),
(93, '3b1b454f-c598-4e1d-80ce-989abb07fb09'),
(93, '885663e0-adfd-4a3e-90e1-5f8c36a0a1ee'),
(93, 'fcad3a97-2fcd-43c0-9b59-c66cf86a741e'),
(94, '1707a9d8-9fce-4063-8a87-661d5dd70a6f'),
(94, '4be307b4-634f-42f7-a231-60068a9a647c'),
(95, '2f365b2d-3acf-4e31-baad-a9458ad66190'),
(95, '702dc5e5-b25e-4d7d-b209-ae6dc4bfedd4'),
(95, 'c5fa62d8-c5b1-436c-87a6-eb2982400d3b'),
(95, 'e8b10101-7cfd-4687-a0a1-5456c29aa121'),
(96, '00c01446-db4b-417b-af34-98b6c2d47025'),
(96, '2aed1583-b170-439f-8a2b-3752e94672c9'),
(96, '785c30a7-f9fc-4e1f-8800-9f0aacfcbe6d'),
(96, '7d907033-9930-451c-a25a-280f8c3f2c15'),
(96, '7f3c859f-4ac7-4341-99c1-6d1baa439d74'),
(96, '99c3ecc5-04d5-4653-85c9-eadfb4dd40f3'),
(97, '11c87160-cea6-451d-a4ed-a0ca70aa17c9'),
(97, '36a04cfb-719b-458d-a40f-bc3c11bf7e08'),
(97, 'a61e4098-ed07-4f08-8f2e-0107755820c3'),
(98, '10578ada-4064-4e53-8a2e-5bafa3066d9a'),
(98, 'c2ebe133-39d6-4ff4-8fb8-1ce7df55f0f7'),
(98, 'c398b753-7e82-4ccf-aebd-d4fa3a1e66bf'),
(98, 'd5fa29e0-57ac-46d6-bb21-81666226f6c6'),
(98, 'e9620300-1427-474c-b2bb-bc68747feb03'),
(98, 'f70e1a35-b3c8-4c42-9e9c-a09240ecd9b0'),
(99, '1e793d0f-6c09-4bff-9ca0-79287b1dae7b'),
(99, '21879efa-7beb-47dc-900a-62b111e34408'),
(99, '3f8dd7d0-ddcb-450a-9c26-b55745071d83'),
(99, '449e18cc-3cd7-471c-97c8-0284668993bf'),
(99, '930b0ac1-10fe-4d7f-8763-a898c717d1b4'),
(100, '0fef35b6-15d7-441f-97a7-5381c4910990'),
(100, '49c2508d-b0f8-4e68-a359-b606da1b09af'),
(100, 'b3735515-1396-4bf6-b32e-589aa3cb23af'),
(100, 'e9c761ed-1f5f-4d40-a9cf-0131842d61ee'),
(101, 'f29c1522-72f4-47df-a3ce-df6b6cc6ea5d'),
(102, 'ae9cdc64-7853-42c8-9c05-ada8f946c274'),
(102, 'f7794174-f84f-4e2e-a289-bbde8ddfa040');

-- --------------------------------------------------------

--
-- Structure de la table `user`
--

CREATE TABLE IF NOT EXISTS `user` (
  `id` bigint(20) NOT NULL,
  `email` varchar(255) COLLATE utf8_estonian_ci DEFAULT NULL,
  `firstname` varchar(255) COLLATE utf8_estonian_ci DEFAULT NULL,
  `lastname` varchar(255) COLLATE utf8_estonian_ci DEFAULT NULL,
  `version` int(11) NOT NULL,
  PRIMARY KEY (`id`)
) ENGINE=InnoDB DEFAULT CHARSET=utf8 COLLATE=utf8_estonian_ci;

--
-- Contenu de la table `user`
--

INSERT INTO `user` (`id`, `email`, `firstname`, `lastname`, `version`) VALUES
(1, 'john.doe@robusta.io', 'John', NULL, 1),
(2, 'jack.daniel@robusta.io', 'Jack', NULL, 1),
(3, 'vvvvvvvvv@gmail.com', 'vv', NULL, 1),
(7, 'user0@fora.com', 'John', 'Doe-0', 1),
(8, 'user1@fora.com', 'John', 'Doe-1', 1),
(9, 'user2@fora.com', 'John', 'Doe-2', 1),
(10, 'user3@fora.com', 'John', 'Doe-3', 1),
(11, 'user4@fora.com', 'John', 'Doe-4', 1),
(12, 'user5@fora.com', 'John', 'Doe-5', 1),
(13, 'user6@fora.com', 'John', 'Doe-6', 1),
(14, 'user7@fora.com', 'John', 'Doe-7', 1),
(15, 'user8@fora.com', 'John', 'Doe-8', 1),
(16, 'user9@fora.com', 'John', 'Doe-9', 1),
(17, 'user10@fora.com', 'John', 'Doe-10', 1),
(18, 'user11@fora.com', 'John', 'Doe-11', 1),
(19, 'user12@fora.com', 'John', 'Doe-12', 1),
(20, 'user13@fora.com', 'John', 'Doe-13', 1),
(21, 'user14@fora.com', 'John', 'Doe-14', 1),
(22, 'user15@fora.com', 'John', 'Doe-15', 1),
(23, 'user16@fora.com', 'John', 'Doe-16', 1),
(24, 'user17@fora.com', 'John', 'Doe-17', 1),
(25, 'user18@fora.com', 'John', 'Doe-18', 1),
(26, 'user19@fora.com', 'John', 'Doe-19', 1),
(27, 'user20@fora.com', 'John', 'Doe-20', 1),
(28, 'user21@fora.com', 'John', 'Doe-21', 1),
(29, 'user22@fora.com', 'John', 'Doe-22', 1),
(30, 'user23@fora.com', 'John', 'Doe-23', 1);

--
-- Contraintes pour les tables exportées
--

--
-- Contraintes pour la table `comment`
--
ALTER TABLE `comment`
  ADD CONSTRAINT `FK9BDE863F15721DD4` FOREIGN KEY (`user_id`) REFERENCES `user` (`id`);

--
-- Contraintes pour la table `comment_flag`
--
ALTER TABLE `comment_flag`
  ADD CONSTRAINT `FK3922B58C7E706539` FOREIGN KEY (`flags_id`) REFERENCES `flag` (`id`),
  ADD CONSTRAINT `FK3922B58CAF246320` FOREIGN KEY (`Comment_id`) REFERENCES `comment` (`id`);

--
-- Contraintes pour la table `topic`
--
ALTER TABLE `topic`
  ADD CONSTRAINT `FKF3E2ED0C15721DD4` FOREIGN KEY (`user_id`) REFERENCES `user` (`id`);

--
-- Contraintes pour la table `topic_comment`
--
ALTER TABLE `topic_comment`
  ADD CONSTRAINT `FK68494E0CAF5FD400` FOREIGN KEY (`Subject_id`) REFERENCES `topic` (`id`),
  ADD CONSTRAINT `FK68494E0CF6FBCF6B` FOREIGN KEY (`comments_id`) REFERENCES `comment` (`id`);

/*!40101 SET CHARACTER_SET_CLIENT=@OLD_CHARACTER_SET_CLIENT */;
/*!40101 SET CHARACTER_SET_RESULTS=@OLD_CHARACTER_SET_RESULTS */;
/*!40101 SET COLLATION_CONNECTION=@OLD_COLLATION_CONNECTION */;
